,epoch,train_loss
0,1.0,0.8308537776271502
1,2.0,0.44199946026007336
2,3.0,0.4031323119997978
